{
  "2D": 1.03699994087219,
  "3D": 12438.8440010548,
  "AssetLib": 24.146999835968,
  "Editor": 54401.0900006295,
  "Script": 41937.0619997979
}