{
  "2D": 1.03699994087219,
  "3D": 12518.1040010453,
  "AssetLib": 61.6399998664856,
  "Editor": 201435.277000428,
  "Script": 188854.495999575
}