{
  "2D": 1.03699994087219,
  "3D": 11969.0050008297,
  "AssetLib": 12.039999961853,
  "Editor": 46918.2100007534,
  "Script": 34936.128000021
}