{
  "2D": 1.03699994087219,
  "3D": 19138.2710003854,
  "AssetLib": 61.6399998664856,
  "Editor": 218405.577000381,
  "Script": 199204.629000188
}