{
  "3D": 821.460999965668,
  "Editor": 1086.6779999733,
  "Script": 265.217000007629
}