{
  "2D": 1.03699994087219,
  "3D": 62296.6769998074,
  "AssetLib": 96.5429997444153,
  "Editor": 294791.673999549,
  "Script": 232397.417000057
}