{
  "2D": 1.03699994087219,
  "3D": 241950.092000246,
  "AssetLib": 96.5429997444153,
  "Editor": 524174.860999824,
  "Script": 282127.188999893
}